<?xml version="1.0"?>
<!--<!DOCTYPE metadata SYSTEM "http://www.esri.com/metadata/esriprof80.dtd">-->
<metadata xml:lang="en"><Esri><MetaID>{16DCC036-671F-46FA-A183-A223CD35E2FB}</MetaID><CreaDate>20051028</CreaDate><CreaTime>11341000</CreaTime><SyncOnce>TRUE</SyncOnce><DataProperties><lineage><Process Name="DefineProjection_1" ToolSource="D:\Program Files\ArcGIS\ArcToolbox\Toolboxes\Data Management Tools.tbx\DefineProjection" Date="20051028" Time="113410">DefineProjection N:\Projecten\Baseline_MVII\GIS\Nederland\contouren.shp PROJCS['Rijksdriehoekstelsel_New',GEOGCS['GCS_Amersfoort',DATUM['D_Amersfoort',SPHEROID['Bessel_1841',6377397.155,299.1528128]],PRIMEM['Greenwich',0.0],UNIT['Degree',0.0174532925199433]],PROJECTION['Double_Stereographic'],PARAMETER['False_Easting',155000.0],PARAMETER['False_Northing',463000.0],PARAMETER['Central_Meridian',5.38763888888889],PARAMETER['Scale_Factor',0.9999079],PARAMETER['Latitude_Of_Origin',52.15616055555555],UNIT['Meter',1.0]] N:\Projecten\Baseline_MVII\GIS\Nederland\contouren.shp</Process></lineage></DataProperties></Esri></metadata>
